[
    {
        "Stock": "TSLA",
        "Price": "272.00 ",
        "Change": "-12.65 ",
        "Change (%)": "(-4.44%) ",
        "Previous Close": "284.65 ",
        "Open": "270.80 ",
        "Bid": "271.53 x 200",
        "Ask": "272.60 x 100",
        "Day's Range": "261.84 - 278.28 ",
        "52 Week Range": "138.80 - 488.54 ",
        "Volume": "82,364,820 ",
        "Avg. Volume": "84,898,286 ",
        "Market Cap (intraday)": "900.497B ",
        "Beta (5Y Monthly)": "2.51",
        "PE Ratio (TTM)": "132.68 ",
        "EPS (TTM)": "2.05 ",
        "Earnings Date": "Apr 23, 2025 - May 3, 2025",
        "Forward Dividend & Yield": "--",
        "Ex-Dividend Date": "--",
        "1y Target Est": "342.94 "
    },
    {
        "Stock": "MSFT",
        "Price": "385.46 ",
        "Change": "-3.02 ",
        "Change (%)": "(-0.78%) ",
        "Previous Close": "388.49 ",
        "Open": "383.35 ",
        "Bid": "384.03 x 300",
        "Ask": "385.90 x 100",
        "Day's Range": "381.00 - 387.53 ",
        "52 Week Range": "381.00 - 468.35 ",
        "Volume": "14,851,787 ",
        "Avg. Volume": "22,299,156 ",
        "Market Cap (intraday)": "2.928T ",
        "Beta (5Y Monthly)": "0.91",
        "PE Ratio (TTM)": "31.11 ",
        "EPS (TTM)": "12.39 ",
        "Earnings Date": "Apr 23, 2025 - Apr 28, 2025",
        "Forward Dividend & Yield": "3.32 (0.85%)",
        "Ex-Dividend Date": "Feb 20, 2025",
        "1y Target Est": "507.05 "
    },
    {
        "Stock": "COST",
        "Price": "1,039.31 ",
        "Change": "-7.54 ",
        "Change (%)": "(-0.72%) ",
        "Previous Close": "1,046.85 ",
        "Open": "1,045.73 ",
        "Bid": "1,037.78 x 100",
        "Ask": "1,040.88 x 100",
        "Day's Range": "1,028.73 - 1,047.93 ",
        "52 Week Range": "697.27 - 1,078.23 ",
        "Volume": "1,144,006 ",
        "Avg. Volume": "2,011,682 ",
        "Market Cap (intraday)": "462.124B ",
        "Beta (5Y Monthly)": "0.81",
        "PE Ratio (TTM)": "60.92 ",
        "EPS (TTM)": "17.06 ",
        "Earnings Date": "Mar 6, 2025",
        "Forward Dividend & Yield": "4.64 (0.44%)",
        "Ex-Dividend Date": "Feb 7, 2025",
        "1y Target Est": "1,051.37 "
    },
    {
        "Stock": "PYPL",
        "Price": "68.10 ",
        "Change": "-1.65 ",
        "Change (%)": "(-2.37%) ",
        "Previous Close": "69.75 ",
        "Open": "69.01 ",
        "Bid": "68.02 x 200",
        "Ask": "68.13 x 100",
        "Day's Range": "66.35 - 69.06 ",
        "52 Week Range": "56.97 - 93.66 ",
        "Volume": "12,081,691 ",
        "Avg. Volume": "10,734,693 ",
        "Market Cap (intraday)": "68.623B ",
        "Beta (5Y Monthly)": "1.53",
        "PE Ratio (TTM)": "17.07 ",
        "EPS (TTM)": "3.99 ",
        "Earnings Date": "Apr 28, 2025 - May 2, 2025",
        "Forward Dividend & Yield": "--",
        "Ex-Dividend Date": "--",
        "1y Target Est": "95.48 "
    },
    {
        "Stock": "ADBE",
        "Price": "442.71 ",
        "Change": "+1.99 ",
        "Change (%)": "+(0.45%) ",
        "Previous Close": "440.72 ",
        "Open": "439.25 ",
        "Bid": "413.73 x 100",
        "Ask": "442.84 x 100",
        "Day's Range": "434.74 - 444.41 ",
        "52 Week Range": "403.75 - 587.75 ",
        "Volume": "1,301,710 ",
        "Avg. Volume": "4,074,182 ",
        "Market Cap (intraday)": "192.714B ",
        "Beta (5Y Monthly)": "1.37",
        "PE Ratio (TTM)": "35.88 ",
        "EPS (TTM)": "12.34 ",
        "Earnings Date": "Mar 12, 2025",
        "Forward Dividend & Yield": "--",
        "Ex-Dividend Date": "Mar 24, 2005",
        "1y Target Est": "565.48 "
    },
    {
        "Stock": "PEP",
        "Price": "156.19 ",
        "Change": "+0.20 ",
        "Change (%)": "+(0.13%) ",
        "Previous Close": "155.99 ",
        "Open": "157.18 ",
        "Bid": "155.96 x 200",
        "Ask": "156.37 x 200",
        "Day's Range": "155.79 - 160.15 ",
        "52 Week Range": "141.51 - 183.41 ",
        "Volume": "5,591,301 ",
        "Avg. Volume": "7,125,856 ",
        "Market Cap (intraday)": "214.211B ",
        "Beta (5Y Monthly)": "0.53",
        "PE Ratio (TTM)": "22.44 ",
        "EPS (TTM)": "6.96 ",
        "Earnings Date": "Apr 21, 2025 - Apr 25, 2025",
        "Forward Dividend & Yield": "5.42 (3.47%)",
        "Ex-Dividend Date": "Mar 7, 2025",
        "1y Target Est": "163.73 "
    },
    {
        "Stock": "CVX",
        "Price": "152.43 ",
        "Change": "-0.66 ",
        "Change (%)": "(-0.43%) ",
        "Previous Close": "153.09 ",
        "Open": "151.21 ",
        "Bid": "152.94 x 1000",
        "Ask": "152.88 x 800",
        "Day's Range": "150.05 - 153.11 ",
        "52 Week Range": "135.37 - 167.11 ",
        "Volume": "4,725,123 ",
        "Avg. Volume": "8,156,543 ",
        "Market Cap (intraday)": "278.054B ",
        "Beta (5Y Monthly)": "1.06",
        "PE Ratio (TTM)": "15.68 ",
        "EPS (TTM)": "9.72 ",
        "Earnings Date": "Apr 24, 2025 - Apr 28, 2025",
        "Forward Dividend & Yield": "6.84 (4.47%)",
        "Ex-Dividend Date": "Feb 14, 2025",
        "1y Target Est": "176.80 "
    },
    {
        "Stock": "GOOGL",
        "Price": "170.82 ",
        "Change": "+3.82 ",
        "Change (%)": "+(2.28%) ",
        "Previous Close": "167.01 ",
        "Open": "166.31 ",
        "Bid": "167.00 x 200",
        "Ask": "177.83 x 100",
        "Day's Range": "165.80 - 171.86 ",
        "52 Week Range": "130.67 - 207.05 ",
        "Volume": "24,880,289 ",
        "Avg. Volume": "29,972,577 ",
        "Market Cap (intraday)": "2.134T ",
        "Beta (5Y Monthly)": "1.02",
        "PE Ratio (TTM)": "21.27 ",
        "EPS (TTM)": "8.03 ",
        "Earnings Date": "Apr 23, 2025 - Apr 28, 2025",
        "Forward Dividend & Yield": "0.80 (0.48%)",
        "Ex-Dividend Date": "Mar 10, 2025",
        "1y Target Est": "217.93 "
    }
]