{
    "Stock": "TSLA",
    "Price": "272.36 ",
    "Change": "-12.29 ",
    "Change (%)": "(-4.32%) ",
    "Previous Close": "284.65 ",
    "Open": "270.80 ",
    "Bid": "271.93 x 200",
    "Ask": "272.90 x 300",
    "Day's Range": "261.84 - 278.28 ",
    "52 Week Range": "138.80 - 488.54 ",
    "Volume": "73,611,607 ",
    "Avg. Volume": "84,898,286 ",
    "Market Cap (intraday)": "901.68B ",
    "Beta (5Y Monthly)": "2.51",
    "PE Ratio (TTM)": "132.86 ",
    "EPS (TTM)": "2.05 ",
    "Earnings Date": "Apr 23, 2025 - May 3, 2025",
    "Forward Dividend & Yield": "--",
    "Ex-Dividend Date": "--",
    "1y Target Est": "342.94 "
}